alpha_deg,beta_deg,ax_m2,ay_m2,az_m2,bx_m3,by_m3,bz_m3
-26.0,-30.0,-0.037814136108707784,0.06302433815949436,-0.006016315151890794,0.009717766091030927,0.0026781323074484015,0.0036909162649503254
-26.0,-20.0,-0.04847529625901951,0.05258518559756509,-0.020435458626831975,0.009240954990428246,0.004544165218017323,0.0024416404598160894
-26.0,-10.0,-0.0598234950524949,0.03974325624741491,0.01842343007604011,0.008902668918024968,0.007150993885672375,0.0013983191884019584
-26.0,-0.0,-0.0636414751248383,0.0,0.028441437682431996,0.0,0.007905547244092545,0.0
-26.0,10.0,-0.0598234950524949,-0.03974325624741491,0.01842343007604011,-0.008902668918024968,0.007150993885672375,-0.0013983191884019584
-26.0,20.0,-0.04847529625901951,-0.05258518559756509,-0.020435458626831975,-0.009240954990428246,0.004544165218017323,-0.0024416404598160894
-26.0,30.0,-0.037814136108707784,-0.06302433815949436,-0.006016315151890794,-0.009717766091030927,0.0026781323074484015,-0.0036909162649503254
-20.0,-30.0,-0.07608600715631356,0.02724150029392904,0.0065355702056777275,0.0005624978433836794,0.011997584927837661,0.0006919635888786467
-20.0,-20.0,-0.07298554847590236,0.016853373705302738,0.001898041551696595,-9.690525048813984e-05,0.01051334927157066,0.0005705506899497154
-20.0,-10.0,-0.05924844339160145,0.002751747725367763,-0.00702415628341138,-0.0020442736820686495,0.005708048463720012,0.0007646195298180909
-20.0,-0.0,-0.04982818558144991,0.0,-0.002394918510276055,0.0,0.003058227555055393,0.0
-20.0,10.0,-0.05924844339160145,-0.002751747725367763,-0.00702415628341138,0.0020442736820686495,0.005708048463720012,-0.0007646195298180909
-20.0,20.0,-0.07298554847590236,-0.016853373705302738,0.001898041551696595,9.690525048813984e-05,0.01051334927157066,-0.0005705506899497154
-20.0,30.0,-0.07608600715631356,-0.02724150029392904,0.0065355702056777275,-0.0005624978433836794,0.011997584927837661,-0.0006919635888786467
-10.0,-25.0,-0.05550963739587473,0.0328475599211626,-0.005853237708498472,0.004063269269630725,0.006319233378122498,0.0009691520269778703
-10.0,-20.0,-0.05453034811395504,0.03264685344985072,0.0004971214505310316,0.0048388056872524345,0.005805583854758791,0.0007579028194386756
-10.0,-15.0,-0.052175762071342995,0.031926287459625766,0.005037517816358687,0.005980765865500149,0.004912651828238919,0.000657176929453512
-10.0,-10.0,-0.0534690468118734,0.028733544526640335,0.005546104772769513,0.0062824850067994455,0.005179679474455539,0.00014631240046070591
-10.0,-5.0,-0.05228576321573725,0.019625982032119293,0.01481407671243732,0.004906744136922293,0.004394683425003486,-0.0002466832485325297
-10.0,-0.0,-0.04825518561350315,0.0,0.043451289982623945,0.0,0.003409130666163776,0.0
-10.0,5.0,-0.05228576321573725,-0.019625982032119293,0.01481407671243732,-0.004906744136922293,0.004394683425003486,0.0002466832485325297
-10.0,10.0,-0.0534690468118734,-0.028733544526640335,0.005546104772769513,-0.0062824850067994455,0.005179679474455539,-0.00014631240046070591
-10.0,15.0,-0.052175762071342995,-0.031926287459625766,0.005037517816358687,-0.005980765865500149,0.004912651828238919,-0.000657176929453512
-10.0,20.0,-0.05453034811395504,-0.03264685344985072,0.0004971214505310316,-0.0048388056872524345,0.005805583854758791,-0.0007579028194386756
-10.0,25.0,-0.05550963739587473,-0.0328475599211626,-0.005853237708498472,-0.004063269269630725,0.006319233378122498,-0.0009691520269778703
-5.0,-25.0,-0.049548885617514166,0.03822159969719223,0.0053441464364000196,0.004922308240861058,0.003670163074778737,0.000686464755870988
-5.0,-20.0,-0.05258887834899485,0.03696430560337971,0.0033138082153887386,0.005359121948826098,0.003966259271945514,0.0005737877322232718
-5.0,-15.0,-0.05182795773283531,0.03593134478103419,0.011482820746992722,0.0062107947922321015,0.003323634589920947,0.0006147816900449429
-5.0,-10.0,-0.05516038222357931,0.03289317851760821,0.013845436977207007,0.006421862440584591,0.003911384481783503,0.00011822040709751759
-5.0,-5.0,-0.049337829193799546,0.02507166304642902,0.02759861647642604,0.005444927912894277,0.0019000712654192106,-0.0002274448087869291
-5.0,-0.0,-0.04886403349222402,0.0,0.05060932576071933,0.0,0.0018734066449249626,0.0
-5.0,5.0,-0.049337829193799546,-0.02507166304642902,0.02759861647642604,-0.005444927912894277,0.0019000712654192106,0.0002274448087869291
-5.0,10.0,-0.05516038222357931,-0.03289317851760821,0.013845436977207007,-0.006421862440584591,0.003911384481783503,-0.00011822040709751759
-5.0,15.0,-0.05182795773283531,-0.03593134478103419,0.011482820746992722,-0.0062107947922321015,0.003323634589920947,-0.0006147816900449429
-5.0,20.0,-0.05258887834899485,-0.03696430560337971,0.0033138082153887386,-0.005359121948826098,0.003966259271945514,-0.0005737877322232718
-5.0,25.0,-0.049548885617514166,-0.03822159969719223,0.0053441464364000196,-0.004922308240861058,0.003670163074778737,-0.000686464755870988
0.0,-45.0,-0.04465621170729785,0.05459881971093015,0.027323108010710688,0.00465586148534191,0.004524367359443286,-0.00014997698792958052
0.0,-40.0,-0.04080823121181936,0.04754611199563957,0.03973158394058008,0.0038645402203137517,0.0024887615864609366,-9.691518521364057e-05
0.0,-35.0,-0.048136837602903264,0.04247390130001891,0.026822259663537355,0.0031734373623523607,0.004020787494579559,-6.690368533175647e-05
0.0,-30.0,-0.04527038495776914,0.04405102380171198,0.02337513607680786,0.004481917267705178,0.002367793031973859,7.229903073291329e-05
0.0,-25.0,-0.046821187243233336,0.04353393729653871,0.015336242731416254,0.005247935130915914,0.0022709063528723317,7.926300108423373e-05
0.0,-20.0,-0.047831843865776734,0.04375532671265745,0.009856429770674446,0.006289578171203324,0.002248206846395405,0.0001271589365492831
0.0,-15.0,-0.04759559215793702,0.037717978404826255,0.0150655445909994,0.005887792937050933,0.0018227199481132591,-1.6359422763444814e-05
0.0,-10.0,-0.04807543431002005,0.03192403549093605,0.01900411586136592,0.005377717998984213,0.001763559330475453,-0.0003410413568392112
0.0,-5.0,-0.047278869202107394,0.024215541395952195,0.035111485885430206,0.004802778981994307,0.0010965844556569348,-0.0005670551632817376
0.0,-0.0,-0.031894352752510076,0.0,0.046052406736307026,0.0,0.0004484248217970491,0.0
0.0,5.0,-0.047278869202107394,-0.024215541395952195,0.035111485885430206,-0.004802778981994307,0.0010965844556569348,0.0005670551632817376
0.0,10.0,-0.04807543431002005,-0.03192403549093605,0.01900411586136592,-0.005377717998984213,0.001763559330475453,0.0003410413568392112
0.0,15.0,-0.04759559215793702,-0.037717978404826255,0.0150655445909994,-0.005887792937050933,0.0018227199481132591,1.6359422763444814e-05
0.0,20.0,-0.047831843865776734,-0.04375532671265745,0.009856429770674446,-0.006289578171203324,0.002248206846395405,-0.0001271589365492831
0.0,25.0,-0.046821187243233336,-0.04353393729653871,0.015336242731416254,-0.005247935130915914,0.0022709063528723317,-7.926300108423373e-05
0.0,30.0,-0.04527038495776914,-0.04405102380171198,0.02337513607680786,-0.004481917267705178,0.002367793031973859,-7.229903073291329e-05
0.0,35.0,-0.048136837602903264,-0.04247390130001891,0.026822259663537355,-0.0031734373623523607,0.004020787494579559,6.690368533175647e-05
0.0,40.0,-0.04080823121181936,-0.04754611199563957,0.03973158394058008,-0.0038645402203137517,0.0024887615864609366,9.691518521364057e-05
0.0,45.0,-0.04465621170729785,-0.05459881971093015,0.027323108010710688,-0.00465586148534191,0.004524367359443286,0.00014997698792958052
5.0,-25.0,-0.06618116899230987,0.026137457631633824,0.02482209020971356,0.0010926784780694665,0.008095559093817928,-0.0006928542285219625
5.0,-20.0,-0.06102621451277926,0.02719104781335597,0.029705762934217433,0.002119851007304687,0.005898359178435271,-0.00014890036723068026
5.0,-15.0,-0.05738501640328286,0.022217245981964402,0.031185495046284047,0.002484757137135267,0.004210775273390227,0.00011931326654515964
5.0,-10.0,-0.05646170049299232,0.011328296897480106,0.013621344120647635,0.000907774884412775,0.004163437472620869,0.0002709894162844106
5.0,-5.0,-0.061231174118561264,0.0009071719053883931,0.011204111533641793,-1.1024264004352855e-05,0.005422810446257829,0.0003165446969322581
5.0,-0.0,-0.053465374778562905,0.0,0.041138711297329954,0.0,0.003010295818829537,0.0
5.0,5.0,-0.061231174118561264,-0.0009071719053883931,0.011204111533641793,1.1024264004352855e-05,0.005422810446257829,-0.0003165446969322581
5.0,10.0,-0.05646170049299232,-0.011328296897480106,0.013621344120647635,-0.000907774884412775,0.004163437472620869,-0.0002709894162844106
5.0,15.0,-0.05738501640328286,-0.022217245981964402,0.031185495046284047,-0.002484757137135267,0.004210775273390227,-0.00011931326654515964
5.0,20.0,-0.06102621451277926,-0.02719104781335597,0.029705762934217433,-0.002119851007304687,0.005898359178435271,0.00014890036723068026
5.0,25.0,-0.06618116899230987,-0.026137457631633824,0.02482209020971356,-0.0010926784780694665,0.008095559093817928,0.0006928542285219625
10.0,-25.0,-0.07336404564067056,0.028701022709216997,0.0399239519968129,0.0016914528855437286,0.009065333137754957,-0.001070359144050196
10.0,-20.0,-0.0655428690285546,0.024820165100480587,0.04284948704288527,0.0014057346529216792,0.0059687679113131,-0.0004758765063141709
10.0,-15.0,-0.0654620074424697,0.017202287470172346,0.027008801832836094,0.0008919450892226673,0.005450282806976932,-0.00010536821894391638
10.0,-10.0,-0.06019833830804848,0.008032684161520308,0.020940260625929918,0.0002519519454450626,0.004078138355608092,0.0002766835573383156
10.0,-5.0,-0.06287956161454124,-0.0007456001358057612,0.01563245238756047,-0.0006987174686804583,0.00491821676776798,0.00045383618094843917
10.0,-0.0,-0.060105055604400784,0.0,0.03211980154863211,0.0,0.003581462191343432,0.0
10.0,5.0,-0.06287956161454124,0.0007456001358057612,0.01563245238756047,0.0006987174686804583,0.00491821676776798,-0.00045383618094843917
10.0,10.0,-0.06019833830804848,-0.008032684161520308,0.020940260625929918,-0.0002519519454450626,0.004078138355608092,-0.0002766835573383156
10.0,15.0,-0.0654620074424697,-0.017202287470172346,0.027008801832836094,-0.0008919450892226673,0.005450282806976932,0.00010536821894391638
10.0,20.0,-0.0655428690285546,-0.024820165100480587,0.04284948704288527,-0.0014057346529216792,0.0059687679113131,0.0004758765063141709
10.0,25.0,-0.07336404564067056,-0.028701022709216997,0.0399239519968129,-0.0016914528855437286,0.009065333137754957,0.001070359144050196
20.0,-30.0,-0.0515208481250735,0.04559223862467479,0.022009179908773605,0.0051081758762672866,0.0033263834878815637,-0.0013360783741584422
20.0,-20.0,-0.05115633379364974,0.0452633421529136,0.016421454269705323,0.007307754560558521,0.002267641260420121,-0.0006060710348984371
20.0,-10.0,-0.0584513840704948,0.031892124064047324,0.02570942677265611,0.00641773988876159,0.0035083911772357556,-0.0008415501245751131
20.0,-5.0,-0.05496382953670345,0.023854975900873134,0.04698961006236723,0.005633135714878361,0.002446138687761293,-0.0006148293880768153
20.0,-0.0,-0.06059300375501828,0.0,0.04818077743243671,0.0,0.0039209657185809025,0.0
20.0,5.0,-0.05496382953670345,-0.023854975900873134,0.04698961006236723,-0.005633135714878361,0.002446138687761293,0.0006148293880768153
20.0,10.0,-0.0584513840704948,-0.031892124064047324,0.02570942677265611,-0.00641773988876159,0.0035083911772357556,0.0008415501245751131
20.0,20.0,-0.05115633379364974,-0.0452633421529136,0.016421454269705323,-0.007307754560558521,0.002267641260420121,0.0006060710348984371
20.0,30.0,-0.0515208481250735,-0.04559223862467479,0.022009179908773605,-0.0051081758762672866,0.0033263834878815637,0.0013360783741584422
26.0,-30.0,-0.08246303969825365,0.028805150260546027,0.02084493128179492,0.0004426903509549098,0.011093353623846142,-0.004031822581689777
26.0,-20.0,-0.08615217171879873,0.024698170024433908,0.04436961174038119,0.0018314586563997625,0.011060465549376878,-0.0019458042436263053
26.0,-10.0,-0.06693912648354947,-0.0033588633819936877,0.022692731187472285,-0.0026347288113945967,0.005344146644092126,-0.0003074674716716583
26.0,-0.0,-0.0560291464470096,0.0,0.02007819052196956,0.0,0.0021961256146014654,0.0
26.0,10.0,-0.06693912648354947,0.0033588633819936877,0.022692731187472285,0.0026347288113945967,0.005344146644092126,0.0003074674716716583
26.0,20.0,-0.08615217171879873,-0.024698170024433908,0.04436961174038119,-0.0018314586563997625,0.011060465549376878,0.0019458042436263053
26.0,30.0,-0.08246303969825365,-0.028805150260546027,0.02084493128179492,-0.0004426903509549098,0.011093353623846142,0.004031822581689777
